<step title="Incoming Request" date="2025-06-04T17:38:36.362" instance="65a20e" url="/api/zipdeploy?isAsync=true" method="POST" type="request" pid="821,1,5" Accept="*/*" Host="nlw.scm.azurewebsites.net" User-Agent="AZURECLI/2.73.0 (HOMEBREW)" Accept-Encoding="gzip, deflate" Authorization="Bea..." Cache-Control="no-cache" Content-Type="application/octet-stream" Content-Length="6246998" x-ms-client-request-id="8a865b64-416a-11f0-9e86-22de8617e481" x-ms-artifact-checksum="1d5a45c0bab7fb7ae4c745d56a2393136e1d2af1e534361801e7e197ae0dfa7f" X-ARR-LOG-ID="8a865b64-416a-11f0-9e86-22de8617e481" CLIENT-IP="40.78.13.173:1306" X-SITE-DEPLOYMENT-ID="nlw" WAS-DEFAULT-HOSTNAME="nlw.scm.azurewebsites.net" X-Forwarded-Proto="https" X-AppService-Proto="https" X-Forwarded-TlsVersion="1.3" X-WAWS-Unencoded-URL="/api/zipdeploy?isAsync=true" X-Client-IP="40.78.13.173" X-Client-Port="1306" >
  <step title="ZipPushDeploy" date="2025-06-04T17:38:36.639" >
    <step title="ZipDeploy. Extract zip." date="2025-06-04T17:38:36.648" /><!-- duration: 2ms -->
    <step title="None repository commit" date="2025-06-04T17:38:36.657" >
      <step title="Commit id: 9f8fd537-88ed-4048-afcc-1f85bb84e08f" date="2025-06-04T17:38:36.667" Message="N/A" AuthorName="N/A" AuthorEmail="N/A" /><!-- duration: 4ms -->
    </step><!-- duration: 17ms -->
    <step title="Starting PushDeployAsync" date="2025-06-04T17:38:36.684" /><!-- duration: 2ms -->
    <step title="Writing artifact to /tmp/zipdeploy/b5d739ca-0a97-48a5-b4d7-f64733bde2bc.zip" date="2025-06-04T17:38:36.697" >
      <step title="Writing multipart request body to /tmp/zipdeploy/b5d739ca-0a97-48a5-b4d7-f64733bde2bc.zip" date="2025-06-04T17:38:36.701" /><!-- duration: 2ms -->
    </step><!-- duration: 129ms -->
    <step title="Start deployment in the background" date="2025-06-04T17:38:36.838" >
      <step title="Acquiring Deployment Lock" date="2025-06-04T17:38:36.850" /><!-- duration: 2ms -->
      <step title="Acquired Deployment Lock" date="2025-06-04T17:38:36.888" /><!-- duration: 2ms -->
    </step><!-- duration: 113ms -->
  </step><!-- duration: 318ms -->
  <step title="Outgoing response" date="2025-06-04T17:38:36.978" type="response" statusCode="202" statusText="Accepted" /><!-- duration: 8ms -->
</step><!-- duration: 627ms -->
