<step title="Incoming Request" date="2025-06-04T17:30:40.377" instance="65a20e" url="/api/zipdeploy?isAsync=true" method="POST" type="request" pid="821,1,91" Accept="*/*" Host="nlw.scm.azurewebsites.net" User-Agent="AZURECLI/2.73.0 (HOMEBREW)" Accept-Encoding="gzip, deflate" Authorization="Bea..." Cache-Control="no-cache" Content-Type="application/octet-stream" Cookie="ARRAffinity=65a20e064b1a6c476097ac4e6ae4854bff2163349d68722859ad0eeb5b90696a; ARRAffinitySameSite=65a20e064b1a6c476097ac4e6ae4854bff2163349d68722859ad0eeb5b90696a" Content-Length="334009" x-ms-client-request-id="9f754e3c-4169-11f0-81ff-22de8617e481" x-ms-artifact-checksum="3cb050b196d69913b6596d5fa63fb0764a773e89e1ac0ec5abd4c8bf58d5a971" X-ARR-LOG-ID="9f754e3c-4169-11f0-81ff-22de8617e481" CLIENT-IP="204.11.229.42:55902" X-SITE-DEPLOYMENT-ID="nlw" WAS-DEFAULT-HOSTNAME="nlw.scm.azurewebsites.net" X-Forwarded-Proto="https" X-AppService-Proto="https" X-Forwarded-TlsVersion="1.3" X-WAWS-Unencoded-URL="/api/zipdeploy?isAsync=true" X-Client-IP="204.11.229.42" X-Client-Port="55902" >
  <step title="ZipPushDeploy" date="2025-06-04T17:30:40.382" >
    <step title="ZipDeploy. Extract zip." date="2025-06-04T17:30:40.389" /><!-- duration: 2ms -->
    <step title="Starting PushDeployAsync" date="2025-06-04T17:30:40.394" /><!-- duration: 2ms -->
    <step title="Writing artifact to /tmp/zipdeploy/abb0e602-6327-4bf4-b816-e50ab17a7ea0.zip" date="2025-06-04T17:30:40.402" >
      <step title="Writing multipart request body to /tmp/zipdeploy/abb0e602-6327-4bf4-b816-e50ab17a7ea0.zip" date="2025-06-04T17:30:40.407" /><!-- duration: 2ms -->
    </step><!-- duration: 328ms -->
    <step title="Start deployment in the background" date="2025-06-04T17:30:40.738" >
      <step title="Acquiring Deployment Lock" date="2025-06-04T17:30:40.746" /><!-- duration: 2ms -->
      <step title="Acquired Deployment Lock" date="2025-06-04T17:30:40.766" /><!-- duration: 2ms -->
    </step><!-- duration: 82ms -->
  </step><!-- duration: 441ms -->
  <step title="Outgoing response" date="2025-06-04T17:30:40.825" type="response" statusCode="202" statusText="Accepted" /><!-- duration: 2ms -->
</step><!-- duration: 452ms -->
