﻿<?xml version="1.0" encoding="utf-8"?>
<deployment>
  <id>2dc5d84e-073c-4a73-9f66-d2aeb87fa7a5</id>
  <author>N/A</author>
  <deployer>OneDeploy</deployer>
  <authorEmail>N/A</authorEmail>
  <message>OneDeploy</message>
  <progress></progress>
  <status>Success</status>
  <statusText></statusText>
  <lastSuccessEndTime>2025-11-12T22:07:04.9424742Z</lastSuccessEndTime>
  <receivedTime>2025-11-12T22:06:57.1939169Z</receivedTime>
  <startTime>2025-11-12T22:06:58.5281923Z</startTime>
  <endTime>2025-11-12T22:07:04.9424742Z</endTime>
  <complete>True</complete>
  <is_temp>False</is_temp>
  <is_readonly>True</is_readonly>
  <buildSummary />
</deployment>