<step title="Incoming Request" date="2025-06-04T17:13:53.617" instance="65a20e" url="/api/zipdeploy?isAsync=true" method="POST" type="request" pid="821,1,65" Accept="*/*" Host="nlw.scm.azurewebsites.net" User-Agent="AZURECLI/2.73.0 (HOMEBREW)" Accept-Encoding="gzip, deflate" Authorization="Bea..." Cache-Control="no-cache" Content-Type="application/octet-stream" Cookie="ARRAffinity=65a20e064b1a6c476097ac4e6ae4854bff2163349d68722859ad0eeb5b90696a; ARRAffinitySameSite=65a20e064b1a6c476097ac4e6ae4854bff2163349d68722859ad0eeb5b90696a" Content-Length="5901911" x-ms-client-request-id="46ed1dfa-4167-11f0-bfb8-22de8617e481" x-ms-artifact-checksum="49576d959cd683579d5ea318d5e8b399a995a3541d7b97598e0f9e284df9bf0a" X-ARR-LOG-ID="46ed1dfa-4167-11f0-bfb8-22de8617e481" CLIENT-IP="204.11.229.42:51354" X-SITE-DEPLOYMENT-ID="nlw" WAS-DEFAULT-HOSTNAME="nlw.scm.azurewebsites.net" X-Forwarded-Proto="https" X-AppService-Proto="https" X-Forwarded-TlsVersion="1.3" X-WAWS-Unencoded-URL="/api/zipdeploy?isAsync=true" X-Client-IP="204.11.229.42" X-Client-Port="51354" >
  <step title="ZipPushDeploy" date="2025-06-04T17:13:53.625" >
    <step title="ZipDeploy. Extract zip." date="2025-06-04T17:13:53.632" /><!-- duration: 3ms -->
    <step title="Starting PushDeployAsync" date="2025-06-04T17:13:53.638" /><!-- duration: 2ms -->
    <step title="Writing artifact to /tmp/zipdeploy/324afd10-92ea-4f47-b100-e9c69947b4e3.zip" date="2025-06-04T17:13:53.646" >
      <step title="Writing multipart request body to /tmp/zipdeploy/324afd10-92ea-4f47-b100-e9c69947b4e3.zip" date="2025-06-04T17:13:53.648" /><!-- duration: 2ms -->
    </step><!-- duration: 1490ms -->
    <step title="Start deployment in the background" date="2025-06-04T17:13:55.160" >
      <step title="Acquiring Deployment Lock" date="2025-06-04T17:13:55.168" /><!-- duration: 2ms -->
      <step title="Acquired Deployment Lock" date="2025-06-04T17:13:55.190" /><!-- duration: 2ms -->
    </step><!-- duration: 68ms -->
  </step><!-- duration: 1604ms -->
  <step title="Outgoing response" date="2025-06-04T17:13:55.232" type="response" statusCode="202" statusText="Accepted" /><!-- duration: 2ms -->
</step><!-- duration: 1618ms -->
