<step title="BackgroundTrace" date="2025-06-04T17:30:40.740" instance="65a20e" url="/api/zipdeploy" method="POST" >
  <step title="Creating temporary deployment - FetchDeploymentManager" date="2025-06-04T17:30:40.775" /><!-- duration: 2ms -->
  <step title="Creating temporary deployment" date="2025-06-04T17:30:40.779" /><!-- duration: 39ms -->
  <step title="Performing fetch based deployment" date="2025-06-04T17:30:40.847" >
    <step title="Cleaning up temp folders from previous zip deployments and extracting pushed zip file /tmp/zipdeploy/abb0e602-6327-4bf4-b816-e50ab17a7ea0.zip (0.32 MB) to /tmp/zipdeploy/extracted" date="2025-06-04T17:30:41.964" >
      <step title="ChmodRecursive Process exited with total time taken in ms: 13" date="2025-06-04T17:30:42.039" /><!-- duration: 2ms -->
    </step><!-- duration: 80ms -->
    <step title="Deployment timer started" date="2025-06-04T17:30:44.049" >
      <step title="DeploymentManager.Deploy(id:4f597ce9-4e7f-4092-a2ce-e9b483967866)" date="2025-06-04T17:30:44.064" >
        <step title="Collecting changeset information" date="2025-06-04T17:30:44.079" /><!-- duration: 51ms -->
        <step title="Updating submodules" date="2025-06-04T17:30:44.133" /><!-- duration: 1078ms -->
        <step title="Determining deployment builder" date="2025-06-04T17:30:45.335" >
          <step title="Builder is BasicBuilder" date="2025-06-04T17:30:45.342" /><!-- duration: 2ms -->
        </step><!-- duration: 11ms -->
        <step title="PreDeployment: context.CleanOutputPath False" date="2025-06-04T17:30:45.367" >
          <step title="PreDeployment: context.OutputPath /home/site/wwwroot" date="2025-06-04T17:30:45.425" >
            <step title="Building" date="2025-06-04T17:30:45.497" >
              <step title="Executing external process" date="2025-06-04T17:30:45.649" type="process" path="starter.sh" arguments="/opt/Kudu/Scripts/parallel_rsync.sh /tmp/zipdeploy/extracted /home/site/wwwroot 8 /tmp/ False True  " /><!-- duration: 1551ms -->
              <step title="Triggering recycle (preview mode disabled)." date="2025-06-04T17:30:47.350" /><!-- duration: 2ms -->
              <step title="Modified file to trigger a restart of the app container." date="2025-06-04T17:30:47.368" /><!-- duration: 2ms -->
              <step title="Skip function trigger and logicapp sync because function is not enabled." date="2025-06-04T17:30:47.371" /><!-- duration: 5ms -->
            </step><!-- duration: 2602ms -->
          </step><!-- duration: 2678ms -->
          <step title="Cleaning up temp files" date="2025-06-04T17:30:48.105" /><!-- duration: 8ms -->
          <step title="Cleaning up temp files" date="2025-06-04T17:30:48.115" /><!-- duration: 508ms -->
          <step title="Reloading status file with latest updates" date="2025-06-04T17:30:48.641" >
            <step title="WebHooksManager.PublishEventAsync: PostDeployment" date="2025-06-04T17:30:48.646" /><!-- duration: 19ms -->
          </step><!-- duration: 26ms -->
          <step title="Cleaning up temporary deployment - fetch deployment was successful" date="2025-06-04T17:30:48.671" /><!-- duration: 4ms -->
        </step><!-- duration: 3367ms -->
      </step><!-- duration: 4689ms -->
