<step title="BackgroundTrace" date="2025-05-28T02:02:30.590" instance="72814a" url="/api/zipdeploy" method="POST" >
  <step title="Creating temporary deployment - FetchDeploymentManager" date="2025-05-28T02:02:30.620" /><!-- duration: 1ms -->
  <step title="Creating temporary deployment" date="2025-05-28T02:02:30.624" /><!-- duration: 36ms -->
  <step title="Performing fetch based deployment" date="2025-05-28T02:02:30.708" >
    <step title="Cleaning up temp folders from previous zip deployments and extracting pushed zip file /tmp/zipdeploy/1a06b33e-7ba4-4e65-a618-1fa4caf146d0.zip (2.55 MB) to /tmp/zipdeploy/extracted" date="2025-05-28T02:02:31.837" >
      <step title="ChmodRecursive Process exited with total time taken in ms: 32" date="2025-05-28T02:02:31.955" /><!-- duration: 2ms -->
    </step><!-- duration: 123ms -->
    <step title="Deployment timer started" date="2025-05-28T02:02:33.977" >
      <step title="DeploymentManager.Deploy(id:6e0fd492-1adc-4830-9eaf-73c7401b6c5a)" date="2025-05-28T02:02:33.981" >
        <step title="Collecting changeset information" date="2025-05-28T02:02:34.008" /><!-- duration: 63ms -->
        <step title="Updating submodules" date="2025-05-28T02:02:34.075" /><!-- duration: 1062ms -->
        <step title="Determining deployment builder" date="2025-05-28T02:02:35.343" >
          <step title="Builder is BasicBuilder" date="2025-05-28T02:02:35.357" /><!-- duration: 2ms -->
        </step><!-- duration: 18ms -->
        <step title="PreDeployment: context.CleanOutputPath False" date="2025-05-28T02:02:35.418" >
          <step title="PreDeployment: context.OutputPath /home/site/wwwroot" date="2025-05-28T02:02:35.570" >
            <step title="Building" date="2025-05-28T02:02:35.643" >
              <step title="Executing external process" date="2025-05-28T02:02:35.822" type="process" path="starter.sh" arguments="/opt/Kudu/Scripts/parallel_rsync.sh /tmp/zipdeploy/extracted /home/site/wwwroot 8 /tmp/ False True  " /><!-- duration: 2479ms -->
              <step title="Triggering recycle (preview mode disabled)." date="2025-05-28T02:02:38.533" /><!-- duration: 2ms -->
              <step title="Modified file to trigger a restart of the app container." date="2025-05-28T02:02:38.566" /><!-- duration: 2ms -->
              <step title="Skip function trigger and logicapp sync because function is not enabled." date="2025-05-28T02:02:38.572" /><!-- duration: 2ms -->
            </step><!-- duration: 3382ms -->
          </step><!-- duration: 3458ms -->
          <step title="Cleaning up temp files" date="2025-05-28T02:02:39.030" /><!-- duration: 4ms -->
          <step title="Cleaning up temp files" date="2025-05-28T02:02:39.035" /><!-- duration: 507ms -->
          <step title="Reloading status file with latest updates" date="2025-05-28T02:02:39.578" >
            <step title="WebHooksManager.PublishEventAsync: PostDeployment" date="2025-05-28T02:02:39.581" /><!-- duration: 42ms -->
          </step><!-- duration: 48ms -->
          <step title="Cleaning up temporary deployment - fetch deployment was successful" date="2025-05-28T02:02:39.629" /><!-- duration: 2ms -->
        </step><!-- duration: 4253ms -->
      </step><!-- duration: 5698ms -->
