<step title="Incoming Request" date="2025-07-04T18:09:29.095" instance="1c0c6b" url="/api/zipdeploy?isAsync=true" method="POST" type="request" pid="821,1,7" Accept="*/*" Host="nlw.scm.azurewebsites.net" User-Agent="AZURECLI/2.73.0 (HOMEBREW)" Accept-Encoding="gzip, deflate" Authorization="Bea..." Cache-Control="no-cache" Content-Type="application/octet-stream" Cookie="ARRAffinity=1c0c6b5442c60dff4b65d1cdbb5949d65dff35f76ff1888143875c54e9e00198; ARRAffinitySameSite=1c0c6b5442c60dff4b65d1cdbb5949d65dff35f76ff1888143875c54e9e00198" Content-Length="4250001" x-ms-client-request-id="fe38c4da-5901-11f0-a751-22de8617e480" x-ms-artifact-checksum="9a5c24f692ca073bc24497d7bfd6c01eaa1c9994459becbba16722b7d2c8fcb4" X-ARR-LOG-ID="fe38c4da-5901-11f0-a751-22de8617e480" CLIENT-IP="40.78.12.246:24512" X-SITE-DEPLOYMENT-ID="nlw" WAS-DEFAULT-HOSTNAME="nlw.scm.azurewebsites.net" X-Forwarded-Proto="https" X-AppService-Proto="https" X-Forwarded-TlsVersion="1.3" X-WAWS-Unencoded-URL="/api/zipdeploy?isAsync=true" X-Client-IP="40.78.12.246" X-Client-Port="24512" >
  <step title="ZipPushDeploy" date="2025-07-04T18:09:29.136" >
    <step title="ZipDeploy. Extract zip." date="2025-07-04T18:09:29.142" /><!-- duration: 2ms -->
    <step title="None repository commit" date="2025-07-04T18:09:29.150" >
      <step title="Commit id: db819759-aaa6-4332-9a9b-d6b5fc0d2986" date="2025-07-04T18:09:29.153" Message="N/A" AuthorName="N/A" AuthorEmail="N/A" /><!-- duration: 4ms -->
    </step><!-- duration: 9ms -->
    <step title="Starting PushDeployAsync" date="2025-07-04T18:09:29.161" /><!-- duration: 2ms -->
    <step title="Writing artifact to /tmp/zipdeploy/af6cd39e-aaf5-4b58-b0f5-2c05f86e95be.zip" date="2025-07-04T18:09:29.169" >
      <step title="Writing multipart request body to /tmp/zipdeploy/af6cd39e-aaf5-4b58-b0f5-2c05f86e95be.zip" date="2025-07-04T18:09:29.172" /><!-- duration: 2ms -->
    </step><!-- duration: 252ms -->
    <step title="Start deployment in the background" date="2025-07-04T18:09:29.429" >
      <step title="Acquiring Deployment Lock" date="2025-07-04T18:09:29.437" /><!-- duration: 2ms -->
      <step title="Acquired Deployment Lock" date="2025-07-04T18:09:29.460" /><!-- duration: 2ms -->
    </step><!-- duration: 72ms -->
  </step><!-- duration: 370ms -->
  <step title="Outgoing response" date="2025-07-04T18:09:29.511" type="response" statusCode="202" statusText="Accepted" /><!-- duration: 2ms -->
</step><!-- duration: 421ms -->
