<step title="Incoming Request" date="2025-06-04T17:48:53.125" instance="65a20e" url="/api/deployments/latest" method="GET" type="request" pid="821,1,44" Accept="*/*" Host="nlw.scm.azurewebsites.net" User-Agent="AZURECLI/2.73.0 (HOMEBREW)" Accept-Encoding="gzip, deflate" Authorization="Bea..." x-ms-client-request-id="26c7122e-416c-11f0-bac7-22de8617e481" X-ARR-LOG-ID="26c7122e-416c-11f0-bac7-22de8617e481" CLIENT-IP="40.78.13.173:1350" X-SITE-DEPLOYMENT-ID="nlw" WAS-DEFAULT-HOSTNAME="nlw.scm.azurewebsites.net" X-Forwarded-Proto="https" X-AppService-Proto="https" X-Forwarded-TlsVersion="1.3" X-WAWS-Unencoded-URL="/api/deployments/latest" X-Client-IP="40.78.13.173" X-Client-Port="1350" >
  <step title="Cleanup Xml Logs" date="2025-06-04T17:48:53.127" /><!-- duration: 6ms -->
  <step title="DeploymentService.GetResult" date="2025-06-04T17:48:53.139" >
    <step title="DeploymentService.GetLatestDeployment" date="2025-06-04T17:48:53.141" >
      <step title="DeploymentManager.GetResults" date="2025-06-04T17:48:53.144" /><!-- duration: 284ms -->
      <step title="Deployment 4bb016ab-b2c6-4ddc-b34a-060893ba6be9 is Pending" date="2025-06-04T17:48:53.431" /><!-- duration: 2ms -->
    </step><!-- duration: 294ms -->
  </step><!-- duration: 298ms -->
  <step title="Outgoing response" date="2025-06-04T17:48:53.440" type="response" statusCode="202" statusText="Accepted" /><!-- duration: 3ms -->
</step><!-- duration: 320ms -->
