﻿<?xml version="1.0" encoding="utf-8"?>
<deployment>
  <id>4bb016ab-b2c6-4ddc-b34a-060893ba6be9</id>
  <author>N/A</author>
  <deployer>Push-Deployer</deployer>
  <authorEmail>N/A</authorEmail>
  <message>Created via a push deployment</message>
  <progress></progress>
  <status>Success</status>
  <statusText></statusText>
  <lastSuccessEndTime>2025-06-04T17:48:54.9591495Z</lastSuccessEndTime>
  <receivedTime>2025-06-04T17:48:52.4118166Z</receivedTime>
  <startTime>2025-06-04T17:48:53.5823636Z</startTime>
  <endTime>2025-06-04T17:48:54.9591495Z</endTime>
  <complete>True</complete>
  <is_temp>False</is_temp>
  <is_readonly>True</is_readonly>
  <buildSummary />
</deployment>