<step title="BackgroundTrace" date="2025-06-04T17:24:01.652" instance="65a20e" url="/api/zipdeploy" method="POST" >
  <step title="Creating temporary deployment - FetchDeploymentManager" date="2025-06-04T17:24:01.684" /><!-- duration: 2ms -->
  <step title="Creating temporary deployment" date="2025-06-04T17:24:01.689" /><!-- duration: 34ms -->
  <step title="Performing fetch based deployment" date="2025-06-04T17:24:01.752" >
    <step title="Cleaning up temp folders from previous zip deployments and extracting pushed zip file /tmp/zipdeploy/38f0a648-1ae8-4c10-890d-41b7099d694a.zip (5.64 MB) to /tmp/zipdeploy/extracted" date="2025-06-04T17:24:02.849" >
      <step title="ChmodRecursive Process exited with total time taken in ms: 54" date="2025-06-04T17:24:03.023" /><!-- duration: 2ms -->
    </step><!-- duration: 178ms -->
    <step title="Deployment timer started" date="2025-06-04T17:24:05.033" >
      <step title="DeploymentManager.Deploy(id:3c658fbd-b92c-4dba-8890-a28b14ee1156)" date="2025-06-04T17:24:05.039" >
        <step title="Collecting changeset information" date="2025-06-04T17:24:05.049" /><!-- duration: 47ms -->
        <step title="Updating submodules" date="2025-06-04T17:24:05.100" /><!-- duration: 1074ms -->
        <step title="Determining deployment builder" date="2025-06-04T17:24:06.297" >
          <step title="Builder is BasicBuilder" date="2025-06-04T17:24:06.308" /><!-- duration: 2ms -->
        </step><!-- duration: 15ms -->
        <step title="PreDeployment: context.CleanOutputPath False" date="2025-06-04T17:24:06.339" >
          <step title="PreDeployment: context.OutputPath /home/site/wwwroot" date="2025-06-04T17:24:06.397" >
            <step title="Building" date="2025-06-04T17:24:06.455" >
              <step title="Executing external process" date="2025-06-04T17:24:06.611" type="process" path="starter.sh" arguments="/opt/Kudu/Scripts/parallel_rsync.sh /tmp/zipdeploy/extracted /home/site/wwwroot 8 /tmp/ False True  " /><!-- duration: 1595ms -->
              <step title="Triggering recycle (preview mode disabled)." date="2025-06-04T17:24:08.337" /><!-- duration: 6ms -->
              <step title="Modified file to trigger a restart of the app container." date="2025-06-04T17:24:08.366" /><!-- duration: 2ms -->
              <step title="Skip function trigger and logicapp sync because function is not enabled." date="2025-06-04T17:24:08.370" /><!-- duration: 2ms -->
            </step><!-- duration: 2645ms -->
          </step><!-- duration: 2708ms -->
          <step title="Cleaning up temp files" date="2025-06-04T17:24:09.107" /><!-- duration: 3ms -->
          <step title="Cleaning up temp files" date="2025-06-04T17:24:09.115" /><!-- duration: 505ms -->
          <step title="Reloading status file with latest updates" date="2025-06-04T17:24:09.640" >
            <step title="WebHooksManager.PublishEventAsync: PostDeployment" date="2025-06-04T17:24:09.643" /><!-- duration: 14ms -->
          </step><!-- duration: 19ms -->
          <step title="Cleaning up temporary deployment - fetch deployment was successful" date="2025-06-04T17:24:09.663" /><!-- duration: 2ms -->
        </step><!-- duration: 3371ms -->
      </step><!-- duration: 4693ms -->
