<step title="Incoming Request" date="2025-06-04T17:23:59.853" instance="65a20e" url="/api/zipdeploy?isAsync=true" method="POST" type="request" pid="821,1,34" Accept="*/*" Host="nlw.scm.azurewebsites.net" User-Agent="AZURECLI/2.73.0 (HOMEBREW)" Accept-Encoding="gzip, deflate" Authorization="Bea..." Cache-Control="no-cache" Content-Type="application/octet-stream" Cookie="ARRAffinity=65a20e064b1a6c476097ac4e6ae4854bff2163349d68722859ad0eeb5b90696a; ARRAffinitySameSite=65a20e064b1a6c476097ac4e6ae4854bff2163349d68722859ad0eeb5b90696a" Content-Length="5911268" x-ms-client-request-id="b0f8b474-4168-11f0-a800-22de8617e481" x-ms-artifact-checksum="89043ad048e14eacd9683f58df660601afbcaeb919e77b8b69ed47409ad92d09" X-ARR-LOG-ID="b0f8b474-4168-11f0-a800-22de8617e481" CLIENT-IP="204.11.229.42:54139" X-SITE-DEPLOYMENT-ID="nlw" WAS-DEFAULT-HOSTNAME="nlw.scm.azurewebsites.net" X-Forwarded-Proto="https" X-AppService-Proto="https" X-Forwarded-TlsVersion="1.3" X-WAWS-Unencoded-URL="/api/zipdeploy?isAsync=true" X-Client-IP="204.11.229.42" X-Client-Port="54139" >
  <step title="ZipPushDeploy" date="2025-06-04T17:23:59.868" >
    <step title="ZipDeploy. Extract zip." date="2025-06-04T17:23:59.879" /><!-- duration: 2ms -->
    <step title="Starting PushDeployAsync" date="2025-06-04T17:23:59.887" /><!-- duration: 2ms -->
    <step title="Writing artifact to /tmp/zipdeploy/38f0a648-1ae8-4c10-890d-41b7099d694a.zip" date="2025-06-04T17:23:59.908" >
      <step title="Writing multipart request body to /tmp/zipdeploy/38f0a648-1ae8-4c10-890d-41b7099d694a.zip" date="2025-06-04T17:23:59.911" /><!-- duration: 2ms -->
    </step><!-- duration: 1717ms -->
    <step title="Start deployment in the background" date="2025-06-04T17:24:01.646" >
      <step title="Acquiring Deployment Lock" date="2025-06-04T17:24:01.657" /><!-- duration: 2ms -->
      <step title="Acquired Deployment Lock" date="2025-06-04T17:24:01.681" /><!-- duration: 2ms -->
    </step><!-- duration: 79ms -->
  </step><!-- duration: 1859ms -->
  <step title="Outgoing response" date="2025-06-04T17:24:01.729" type="response" statusCode="202" statusText="Accepted" /><!-- duration: 7ms -->
</step><!-- duration: 1885ms -->
