﻿<?xml version="1.0" encoding="utf-8"?>
<deployment>
  <id>58c8f717-0ddf-4429-92f4-476b1e3b3625</id>
  <author>N/A</author>
  <deployer>OneDeploy</deployer>
  <authorEmail>N/A</authorEmail>
  <message>OneDeploy</message>
  <progress></progress>
  <status>Success</status>
  <statusText></statusText>
  <lastSuccessEndTime>2025-11-12T21:46:29.8078483Z</lastSuccessEndTime>
  <receivedTime>2025-11-12T21:46:25.7722523Z</receivedTime>
  <startTime>2025-11-12T21:46:27.0921116Z</startTime>
  <endTime>2025-11-12T21:46:29.8078483Z</endTime>
  <complete>True</complete>
  <is_temp>False</is_temp>
  <is_readonly>True</is_readonly>
  <buildSummary />
</deployment>