<step title="Incoming Request" date="2025-06-04T19:00:45.659" instance="65a20e" url="/api/deployments/latest" method="GET" type="request" pid="821,1,41" Accept="*/*" Host="nlw.scm.azurewebsites.net" User-Agent="AZURECLI/2.73.0 (HOMEBREW)" Accept-Encoding="gzip, deflate" Authorization="Bea..." x-ms-client-request-id="314676c2-4176-11f0-ae7b-22de8617e481" X-ARR-LOG-ID="314676c2-4176-11f0-ae7b-22de8617e481" CLIENT-IP="40.78.13.173:1292" X-SITE-DEPLOYMENT-ID="nlw" WAS-DEFAULT-HOSTNAME="nlw.scm.azurewebsites.net" X-Forwarded-Proto="https" X-AppService-Proto="https" X-Forwarded-TlsVersion="1.3" X-WAWS-Unencoded-URL="/api/deployments/latest" X-Client-IP="40.78.13.173" X-Client-Port="1292" >
  <step title="Cleanup Xml Logs" date="2025-06-04T19:00:45.662" /><!-- duration: 4ms -->
  <step title="DeploymentService.GetResult" date="2025-06-04T19:00:45.671" >
    <step title="DeploymentService.GetLatestDeployment" date="2025-06-04T19:00:45.673" >
      <step title="DeploymentManager.GetResults" date="2025-06-04T19:00:45.675" /><!-- duration: 293ms -->
      <step title="Deployment 088c28ef-532d-450d-a31f-66043519f165 is Pending" date="2025-06-04T19:00:45.971" /><!-- duration: 2ms -->
    </step><!-- duration: 302ms -->
  </step><!-- duration: 306ms -->
  <step title="Outgoing response" date="2025-06-04T19:00:45.979" type="response" statusCode="202" statusText="Accepted" /><!-- duration: 2ms -->
</step><!-- duration: 324ms -->
