<step title="Incoming Request" date="2025-05-28T02:20:30.106" instance="72814a" url="/api/zipdeploy?isAsync=true" method="POST" type="request" pid="821,1,29" Accept="*/*" Host="nlw.scm.azurewebsites.net" User-Agent="AZURECLI/2.73.0 (HOMEBREW)" Accept-Encoding="gzip, deflate" Authorization="Bea..." Cache-Control="no-cache" Content-Type="application/octet-stream" Cookie="ARRAffinity=72814a4f3758196d8bbec02716c10765ae2f4c3db6fe192a77df42acc7895a1b; ARRAffinitySameSite=72814a4f3758196d8bbec02716c10765ae2f4c3db6fe192a77df42acc7895a1b" Content-Length="11665493" x-ms-client-request-id="4df8941a-3b6a-11f0-a318-22de8617e482" x-ms-artifact-checksum="6f6e6d2b3e80117b0148f5ea672dd913fb55766dd6091a8eb0d073e9bf70ce18" X-ARR-LOG-ID="4df8941a-3b6a-11f0-a318-22de8617e482" CLIENT-IP="204.11.229.42:65308" X-SITE-DEPLOYMENT-ID="nlw" WAS-DEFAULT-HOSTNAME="nlw.scm.azurewebsites.net" X-Forwarded-Proto="https" X-AppService-Proto="https" X-Forwarded-TlsVersion="1.3" X-WAWS-Unencoded-URL="/api/zipdeploy?isAsync=true" X-Client-IP="204.11.229.42" X-Client-Port="65308" >
  <step title="ZipPushDeploy" date="2025-05-28T02:20:30.113" >
    <step title="ZipDeploy. Extract zip." date="2025-05-28T02:20:30.117" /><!-- duration: 2ms -->
    <step title="Starting PushDeployAsync" date="2025-05-28T02:20:30.121" /><!-- duration: 1ms -->
    <step title="Error occurred" date="2025-05-28T02:20:30.132" type="error" text="Error removing symlink: Path doesn&apos;t exist!" stackTrace="   at Mono.Unix.UnixFileSystemInfo.AssertValid()
   at Mono.Unix.UnixFileSystemInfo.get_FileType()
   at Kudu.Services.Deployment.PushDeploymentController.PushDeployAsync(ArtifactDeploymentInfo deploymentInfo, Boolean isAsync, HttpContext context, JObject requestJson) in /tmp/KuduLite/Kudu.Services/Deployment/PushDeploymentController.cs:line 740" /><!-- duration: 2ms -->
    <step title="Writing artifact to /tmp/zipdeploy/c5b4b534-267f-4d20-b06f-c70b947bb222.zip" date="2025-05-28T02:20:30.144" >
      <step title="Writing multipart request body to /tmp/zipdeploy/c5b4b534-267f-4d20-b06f-c70b947bb222.zip" date="2025-05-28T02:20:30.146" /><!-- duration: 1ms -->
    </step><!-- duration: 3367ms -->
    <step title="Start deployment in the background" date="2025-05-28T02:20:33.534" >
      <step title="Acquiring Deployment Lock" date="2025-05-28T02:20:33.548" /><!-- duration: 1ms -->
      <step title="Acquired Deployment Lock" date="2025-05-28T02:20:33.565" /><!-- duration: 2ms -->
    </step><!-- duration: 92ms -->
  </step><!-- duration: 3515ms -->
  <step title="Outgoing response" date="2025-05-28T02:20:33.630" type="response" statusCode="202" statusText="Accepted" /><!-- duration: 1ms -->
</step><!-- duration: 3527ms -->
