<step title="Incoming Request" date="2025-05-28T02:23:44.150" instance="72814a" url="/api/deployments/latest" method="GET" type="request" pid="821,1,21" Accept="*/*" Host="nlw.scm.azurewebsites.net" User-Agent="AZURECLI/2.73.0 (HOMEBREW)" Accept-Encoding="gzip, deflate" Authorization="Bea..." x-ms-client-request-id="bbc061d0-3b6a-11f0-aa33-22de8617e482" X-ARR-LOG-ID="bbc061d0-3b6a-11f0-aa33-22de8617e482" CLIENT-IP="204.11.229.42:65403" X-SITE-DEPLOYMENT-ID="nlw" WAS-DEFAULT-HOSTNAME="nlw.scm.azurewebsites.net" X-Forwarded-Proto="https" X-AppService-Proto="https" X-Forwarded-TlsVersion="1.3" X-WAWS-Unencoded-URL="/api/deployments/latest" X-Client-IP="204.11.229.42" X-Client-Port="65403" >
  <step title="Cleanup Xml Logs" date="2025-05-28T02:23:44.152" /><!-- duration: 3ms -->
  <step title="DeploymentService.GetResult" date="2025-05-28T02:23:44.178" >
    <step title="DeploymentService.GetLatestDeployment" date="2025-05-28T02:23:44.180" >
      <step title="DeploymentManager.GetResults" date="2025-05-28T02:23:44.182" /><!-- duration: 135ms -->
      <step title="Deployment 5f6738da-8bdc-4d9a-8f99-8edac6932f43 is Pending" date="2025-05-28T02:23:44.319" /><!-- duration: 1ms -->
    </step><!-- duration: 142ms -->
  </step><!-- duration: 146ms -->
  <step title="Outgoing response" date="2025-05-28T02:23:44.326" type="response" statusCode="202" statusText="Accepted" /><!-- duration: 2ms -->
</step><!-- duration: 180ms -->
