<step title="BackgroundTrace" date="2025-06-04T17:50:57.283" instance="65a20e" url="/api/zipdeploy" method="POST" >
  <step title="Creating temporary deployment - FetchDeploymentManager" date="2025-06-04T17:50:57.319" /><!-- duration: 2ms -->
  <step title="Creating temporary deployment" date="2025-06-04T17:50:57.324" /><!-- duration: 26ms -->
  <step title="Performing fetch based deployment" date="2025-06-04T17:50:57.391" >
    <step title="Cleaning up temp folders from previous zip deployments and extracting pushed zip file /tmp/zipdeploy/ebc45524-b626-41e8-9895-6bed89cfd4d0.zip (5.96 MB) to /tmp/zipdeploy/extracted" date="2025-06-04T17:50:58.469" >
      <step title="ChmodRecursive Process exited with total time taken in ms: 14" date="2025-06-04T17:50:58.587" /><!-- duration: 2ms -->
    </step><!-- duration: 122ms -->
    <step title="Deployment timer started" date="2025-06-04T17:51:00.596" >
      <step title="DeploymentManager.Deploy(id:c6c5ec53-a5e3-46c8-8863-753136982c20)" date="2025-06-04T17:51:00.602" >
        <step title="Collecting changeset information" date="2025-06-04T17:51:00.613" /><!-- duration: 61ms -->
        <step title="Updating submodules" date="2025-06-04T17:51:00.678" /><!-- duration: 1055ms -->
        <step title="Determining deployment builder" date="2025-06-04T17:51:01.888" >
          <step title="Builder is BasicBuilder" date="2025-06-04T17:51:01.894" /><!-- duration: 2ms -->
        </step><!-- duration: 11ms -->
        <step title="PreDeployment: context.CleanOutputPath False" date="2025-06-04T17:51:01.922" >
          <step title="PreDeployment: context.OutputPath /home/site/wwwroot" date="2025-06-04T17:51:02.010" >
            <step title="Building" date="2025-06-04T17:51:02.068" >
              <step title="Generating deployment script" date="2025-06-04T17:51:02.140" >
                <step title="Using cached version of the deployment script for command: -y --no-dot-deployment -r &quot;/tmp/zipdeploy/extracted&quot; -o &quot;/home/site/deployments/tools&quot; --basic --sitePath &quot;/tmp/zipdeploy/extracted&quot;" date="2025-06-04T17:51:02.159" /><!-- duration: 2ms -->
              </step><!-- duration: 47ms -->
              <step title="Executing external process" date="2025-06-04T17:51:02.518" type="process" path="starter.sh" arguments="&quot;/home/site/deployments/tools/deploy.sh&quot;" /><!-- duration: 330ms -->
              <step title="Triggering recycle (preview mode disabled)." date="2025-06-04T17:51:02.972" /><!-- duration: 3ms -->
              <step title="Modified file to trigger a restart of the app container." date="2025-06-04T17:51:02.987" /><!-- duration: 2ms -->
              <step title="Skip function trigger and logicapp sync because function is not enabled." date="2025-06-04T17:51:02.998" /><!-- duration: 13ms -->
              <step title="Purge deployment items" date="2025-06-04T17:51:03.613" >
                <step title="Remove ebc8e99c-, Success, received at 05/28/2025 02:20:36" date="2025-06-04T17:51:03.648" /><!-- duration: 2ms -->
              </step><!-- duration: 39ms -->
            </step><!-- duration: 1615ms -->
          </step><!-- duration: 1675ms -->
          <step title="Cleaning up temp files" date="2025-06-04T17:51:03.687" /><!-- duration: 2ms -->
          <step title="Cleaning up temp files" date="2025-06-04T17:51:03.692" /><!-- duration: 503ms -->
          <step title="Reloading status file with latest updates" date="2025-06-04T17:51:04.209" >
            <step title="WebHooksManager.PublishEventAsync: PostDeployment" date="2025-06-04T17:51:04.211" /><!-- duration: 13ms -->
          </step><!-- duration: 17ms -->
          <step title="Cleaning up temporary deployment - fetch deployment was successful" date="2025-06-04T17:51:04.229" /><!-- duration: 1ms -->
        </step><!-- duration: 2353ms -->
      </step><!-- duration: 3682ms -->
