<step title="BackgroundTrace" date="2025-06-04T17:38:36.841" instance="65a20e" url="/api/zipdeploy" method="POST" >
  <step title="Creating temporary deployment - FetchDeploymentManager" date="2025-06-04T17:38:36.894" /><!-- duration: 2ms -->
  <step title="Creating temporary deployment" date="2025-06-04T17:38:36.898" /><!-- duration: 49ms -->
  <step title="Performing fetch based deployment" date="2025-06-04T17:38:37.036" >
    <step title="Cleaning up temp folders from previous zip deployments and extracting pushed zip file /tmp/zipdeploy/b5d739ca-0a97-48a5-b4d7-f64733bde2bc.zip (5.96 MB) to /tmp/zipdeploy/extracted" date="2025-06-04T17:38:38.153" >
      <step title="ChmodRecursive Process exited with total time taken in ms: 24" date="2025-06-04T17:38:38.282" /><!-- duration: 7ms -->
    </step><!-- duration: 138ms -->
    <step title="Deployment timer started" date="2025-06-04T17:38:40.299" >
      <step title="DeploymentManager.Deploy(id:9f8fd537-88ed-4048-afcc-1f85bb84e08f)" date="2025-06-04T17:38:40.305" >
        <step title="Collecting changeset information" date="2025-06-04T17:38:40.314" /><!-- duration: 48ms -->
        <step title="Updating submodules" date="2025-06-04T17:38:40.366" /><!-- duration: 1067ms -->
        <step title="Determining deployment builder" date="2025-06-04T17:38:41.579" >
          <step title="Builder is BasicBuilder" date="2025-06-04T17:38:41.586" /><!-- duration: 2ms -->
        </step><!-- duration: 12ms -->
        <step title="PreDeployment: context.CleanOutputPath False" date="2025-06-04T17:38:41.613" >
          <step title="PreDeployment: context.OutputPath /home/site/wwwroot" date="2025-06-04T17:38:41.676" >
            <step title="Building" date="2025-06-04T17:38:41.742" >
              <step title="Generating deployment script" date="2025-06-04T17:38:41.818" >
                <step title="Using cached version of the deployment script for command: -y --no-dot-deployment -r &quot;/tmp/zipdeploy/extracted&quot; -o &quot;/home/site/deployments/tools&quot; --basic --sitePath &quot;/tmp/zipdeploy/extracted&quot;" date="2025-06-04T17:38:41.841" /><!-- duration: 4ms -->
              </step><!-- duration: 43ms -->
              <step title="Executing external process" date="2025-06-04T17:38:42.214" type="process" path="starter.sh" arguments="&quot;/home/site/deployments/tools/deploy.sh&quot;" /><!-- duration: 5317ms -->
              <step title="Triggering recycle (preview mode disabled)." date="2025-06-04T17:38:47.683" /><!-- duration: 2ms -->
              <step title="Modified file to trigger a restart of the app container." date="2025-06-04T17:38:47.705" /><!-- duration: 2ms -->
              <step title="Skip function trigger and logicapp sync because function is not enabled." date="2025-06-04T17:38:47.710" /><!-- duration: 3ms -->
              <step title="Purge deployment items" date="2025-06-04T17:38:48.311" >
                <step title="Remove 6e0fd492-, Success, received at 05/28/2025 02:02:34" date="2025-06-04T17:38:48.339" /><!-- duration: 2ms -->
              </step><!-- duration: 32ms -->
            </step><!-- duration: 6639ms -->
          </step><!-- duration: 6708ms -->
          <step title="Cleaning up temp files" date="2025-06-04T17:38:48.386" /><!-- duration: 2ms -->
          <step title="Cleaning up temp files" date="2025-06-04T17:38:48.390" /><!-- duration: 503ms -->
          <step title="Reloading status file with latest updates" date="2025-06-04T17:38:48.907" >
            <step title="WebHooksManager.PublishEventAsync: PostDeployment" date="2025-06-04T17:38:48.909" /><!-- duration: 30ms -->
          </step><!-- duration: 34ms -->
          <step title="Cleaning up temporary deployment - fetch deployment was successful" date="2025-06-04T17:38:48.945" /><!-- duration: 2ms -->
        </step><!-- duration: 7392ms -->
      </step><!-- duration: 8712ms -->
