<step title="BackgroundTrace" date="2025-11-12T21:59:10.154" instance="0ce493" url="/api/publish" method="POST" >
  <step title="Creating temporary deployment - FetchDeploymentManager" date="2025-11-12T21:59:10.191" /><!-- duration: 2ms -->
  <step title="Creating temporary deployment" date="2025-11-12T21:59:10.196" /><!-- duration: 49ms -->
  <step title="Performing fetch based deployment" date="2025-11-12T21:59:10.267" >
    <step title="Cleaning up temp folders from previous zip deployments and extracting pushed zip file /tmp/zipdeploy/7dd2f0d8-830e-43d6-a095-d749e5ef6272.zip (0.62 MB) to /tmp/zipdeploy/extracted" date="2025-11-12T21:59:11.406" >
      <step title="ChmodRecursive Process exited with total time taken in ms: 9" date="2025-11-12T21:59:11.458" /><!-- duration: 2ms -->
    </step><!-- duration: 57ms -->
    <step title="Deployment timer started" date="2025-11-12T21:59:13.469" >
      <step title="DeploymentManager.Deploy(id:4254ab17-51f5-4424-b6f8-d7bc9a35fa6b)" date="2025-11-12T21:59:13.472" >
        <step title="Collecting changeset information" date="2025-11-12T21:59:13.483" /><!-- duration: 66ms -->
        <step title="Updating submodules" date="2025-11-12T21:59:13.552" /><!-- duration: 1096ms -->
        <step title="Determining deployment builder" date="2025-11-12T21:59:14.853" >
          <step title="Builder is OneDeployBuilder" date="2025-11-12T21:59:14.862" /><!-- duration: 2ms -->
        </step><!-- duration: 13ms -->
        <step title="PreDeployment: context.CleanOutputPath False" date="2025-11-12T21:59:14.908" >
          <step title="PreDeployment: context.OutputPath /home/site/wwwroot" date="2025-11-12T21:59:15.027" >
            <step title="Building" date="2025-11-12T21:59:15.162" >
              <step title="Executing external process" date="2025-11-12T21:59:15.528" type="process" path="starter.sh" arguments="/opt/Kudu/Scripts/parallel_rsync.sh /tmp/zipdeploy/extracted /home/site/wwwroot 8 /tmp/ False False  " /><!-- duration: 1027ms -->
              <step title="Modified file to trigger a restart of the app container." date="2025-11-12T21:59:16.909" /><!-- duration: 3ms -->
              <step title="Skip function trigger and logicapp sync because function is not enabled." date="2025-11-12T21:59:16.915" /><!-- duration: 2ms -->
              <step title="Purge deployment items" date="2025-11-12T21:59:17.895" >
                <step title="Remove 0d11a3c3-, Success, received at 06/04/2025 17:13:58" date="2025-11-12T21:59:18.009" /><!-- duration: 4ms -->
              </step><!-- duration: 120ms -->
            </step><!-- duration: 2925ms -->
          </step><!-- duration: 3063ms -->
          <step title="Cleaning up temp files" date="2025-11-12T21:59:18.091" /><!-- duration: 3ms -->
          <step title="Cleaning up temp files" date="2025-11-12T21:59:18.100" /><!-- duration: 503ms -->
          <step title="Reloading status file with latest updates" date="2025-11-12T21:59:18.647" >
            <step title="WebHooksManager.PublishEventAsync: PostDeployment" date="2025-11-12T21:59:18.650" /><!-- duration: 22ms -->
          </step><!-- duration: 27ms -->
          <step title="Cleaning up temporary deployment - fetch deployment was successful" date="2025-11-12T21:59:18.678" /><!-- duration: 4ms -->
        </step><!-- duration: 3857ms -->
      </step><!-- duration: 5309ms -->
