﻿<?xml version="1.0" encoding="utf-8"?>
<deployment>
  <id>c38f796e-f12a-473c-a4f4-46e40f0584a0</id>
  <author>N/A</author>
  <deployer>OneDeploy</deployer>
  <authorEmail>N/A</authorEmail>
  <message>OneDeploy</message>
  <progress></progress>
  <status>Success</status>
  <statusText></statusText>
  <lastSuccessEndTime>2025-11-12T22:11:48.8776985Z</lastSuccessEndTime>
  <receivedTime>2025-11-12T22:11:16.9225299Z</receivedTime>
  <startTime>2025-11-12T22:11:18.2477944Z</startTime>
  <endTime>2025-11-12T22:11:48.8776985Z</endTime>
  <complete>True</complete>
  <is_temp>False</is_temp>
  <is_readonly>True</is_readonly>
  <buildSummary />
</deployment>