<step title="BackgroundTrace" date="2025-06-04T17:07:50.696" instance="65a20e" url="/api/zipdeploy" method="POST" >
  <step title="Creating temporary deployment - FetchDeploymentManager" date="2025-06-04T17:07:50.742" /><!-- duration: 3ms -->
  <step title="Creating temporary deployment" date="2025-06-04T17:07:50.748" /><!-- duration: 40ms -->
  <step title="Performing fetch based deployment" date="2025-06-04T17:07:50.831" >
    <step title="Cleaning up temp folders from previous zip deployments and extracting pushed zip file /tmp/zipdeploy/d536fdab-a833-4534-8abe-21c60ce6d782.zip (5.63 MB) to /tmp/zipdeploy/extracted" date="2025-06-04T17:07:51.917" >
      <step title="ChmodRecursive Process exited with total time taken in ms: 19" date="2025-06-04T17:07:52.150" /><!-- duration: 5ms -->
    </step><!-- duration: 242ms -->
    <step title="Deployment timer started" date="2025-06-04T17:07:54.168" >
      <step title="DeploymentManager.Deploy(id:66b8fdcd-4ded-43b4-95a2-69d43b21a589)" date="2025-06-04T17:07:54.177" >
        <step title="Collecting changeset information" date="2025-06-04T17:07:54.190" /><!-- duration: 57ms -->
        <step title="Updating submodules" date="2025-06-04T17:07:54.252" /><!-- duration: 1071ms -->
        <step title="Determining deployment builder" date="2025-06-04T17:07:55.447" >
          <step title="Builder is BasicBuilder" date="2025-06-04T17:07:55.454" /><!-- duration: 2ms -->
        </step><!-- duration: 11ms -->
        <step title="PreDeployment: context.CleanOutputPath False" date="2025-06-04T17:07:55.483" >
          <step title="PreDeployment: context.OutputPath /home/site/wwwroot" date="2025-06-04T17:07:55.539" >
            <step title="Building" date="2025-06-04T17:07:55.636" >
              <step title="Executing external process" date="2025-06-04T17:07:55.793" type="process" path="starter.sh" arguments="/opt/Kudu/Scripts/parallel_rsync.sh /tmp/zipdeploy/extracted /home/site/wwwroot 8 /tmp/ False True  " /><!-- duration: 1713ms -->
              <step title="Triggering recycle (preview mode disabled)." date="2025-06-04T17:07:57.644" /><!-- duration: 2ms -->
              <step title="Modified file to trigger a restart of the app container." date="2025-06-04T17:07:57.659" /><!-- duration: 2ms -->
              <step title="Skip function trigger and logicapp sync because function is not enabled." date="2025-06-04T17:07:57.663" /><!-- duration: 2ms -->
            </step><!-- duration: 2633ms -->
          </step><!-- duration: 2735ms -->
          <step title="Cleaning up temp files" date="2025-06-04T17:07:58.276" /><!-- duration: 3ms -->
          <step title="Cleaning up temp files" date="2025-06-04T17:07:58.281" /><!-- duration: 503ms -->
          <step title="Reloading status file with latest updates" date="2025-06-04T17:07:58.800" >
            <step title="WebHooksManager.PublishEventAsync: PostDeployment" date="2025-06-04T17:07:58.802" /><!-- duration: 15ms -->
          </step><!-- duration: 25ms -->
          <step title="Cleaning up temporary deployment - fetch deployment was successful" date="2025-06-04T17:07:58.828" /><!-- duration: 3ms -->
        </step><!-- duration: 3399ms -->
      </step><!-- duration: 4716ms -->
