<step title="Incoming Request" date="2025-05-28T03:14:25.676" instance="72814a" url="/api/deployments/latest" method="GET" type="request" pid="821,1,41" Accept="*/*" Host="nlw.scm.azurewebsites.net" User-Agent="AZURECLI/2.73.0 (HOMEBREW)" Accept-Encoding="gzip, deflate" Authorization="Bea..." x-ms-client-request-id="d3ad7754-3b71-11f0-9c28-22de8617e482" X-ARR-LOG-ID="d3ad7754-3b71-11f0-9c28-22de8617e482" CLIENT-IP="204.11.229.42:49434" X-SITE-DEPLOYMENT-ID="nlw" WAS-DEFAULT-HOSTNAME="nlw.scm.azurewebsites.net" X-Forwarded-Proto="https" X-AppService-Proto="https" X-Forwarded-TlsVersion="1.3" X-WAWS-Unencoded-URL="/api/deployments/latest" X-Client-IP="204.11.229.42" X-Client-Port="49434" >
  <step title="Cleanup Xml Logs" date="2025-05-28T03:14:25.677" /><!-- duration: 4ms -->
  <step title="DeploymentService.GetResult" date="2025-05-28T03:14:25.687" >
    <step title="DeploymentService.GetLatestDeployment" date="2025-05-28T03:14:25.690" >
      <step title="DeploymentManager.GetResults" date="2025-05-28T03:14:25.692" /><!-- duration: 441ms -->
      <step title="Deployment c945ed7a-cf5c-4a92-a941-504c35f75bb9 is Building" date="2025-05-28T03:14:26.134" /><!-- duration: 1ms -->
    </step><!-- duration: 447ms -->
  </step><!-- duration: 451ms -->
  <step title="Outgoing response" date="2025-05-28T03:14:26.142" type="response" statusCode="202" statusText="Accepted" /><!-- duration: 1ms -->
</step><!-- duration: 469ms -->
