<step title="Incoming Request" date="2025-11-12T22:11:13.440" instance="0ce493" url="/api/publish?type=zip" method="POST" type="request" pid="830,1,18" Accept="*/*" Host="nlw.scm.azurewebsites.net" User-Agent="AZURECLI/2.73.0 (HOMEBREW)" Accept-Encoding="gzip, deflate" Authorization="Bea..." Cache-Control="no-cache" Content-Type="application/octet-stream" Cookie="ARRAffinity=0ce493e10f5dfd14d3b5d8e4a2561b74c87252141b14f03a41221dd01802a017; ARRAffinitySameSite=0ce493e10f5dfd14d3b5d8e4a2561b74c87252141b14f03a41221dd01802a017" Content-Length="649068" x-ms-client-request-id="7ba0ecf8-c014-11f0-8188-22de8617e481" x-ms-artifact-checksum="40db3d3d3a2c0df66daa5c0c949e8b8a1394d394523c18e2c0b2110ba78e9ce7" X-ARR-LOG-ID="7ba0ecf8-c014-11f0-8188-22de8617e481" CLIENT-IP="204.11.229.42:64532" X-SITE-DEPLOYMENT-ID="nlw" WAS-DEFAULT-HOSTNAME="nlw.scm.azurewebsites.net" X-Forwarded-Proto="https" X-AppService-Proto="https" X-Forwarded-TlsVersion="1.3" X-WAWS-Unencoded-URL="/api/publish?type=zip" X-Client-IP="204.11.229.42" X-Client-Port="64532" >
  <step title="OneDeploy" date="2025-11-12T22:11:13.469" >
    <step title="None repository commit" date="2025-11-12T22:11:13.475" >
      <step title="Commit id: c38f796e-f12a-473c-a4f4-46e40f0584a0" date="2025-11-12T22:11:13.478" Message="N/A" AuthorName="N/A" AuthorEmail="N/A" /><!-- duration: 2ms -->
    </step><!-- duration: 8ms -->
    <step title="Starting PushDeployAsync" date="2025-11-12T22:11:13.486" /><!-- duration: 3ms -->
    <step title="Writing artifact to /tmp/zipdeploy/414a305c-fce8-401d-87c8-ce43b6e1d858.zip" date="2025-11-12T22:11:13.517" >
      <step title="Writing multipart request body to /tmp/zipdeploy/414a305c-fce8-401d-87c8-ce43b6e1d858.zip" date="2025-11-12T22:11:13.520" /><!-- duration: 3ms -->
    </step><!-- duration: 26ms -->
    <step title="Attempting to fetch target branch HEAD" date="2025-11-12T22:11:13.550" /><!-- duration: 2ms -->
    <step title="Acquiring Deployment Lock" date="2025-11-12T22:11:13.556" /><!-- duration: 3ms -->
    <step title="Acquired Deployment Lock" date="2025-11-12T22:11:13.598" /><!-- duration: 3ms -->
    <step title="Performing fetch based deployment" date="2025-11-12T22:11:13.607" >
      <step title="Creating temporary deployment" date="2025-11-12T22:11:13.611" /><!-- duration: 53ms -->
      <step title="Releasing Deployment Lock" date="2025-11-12T22:11:14.795" /><!-- duration: 4ms -->
      <step title="Cleaning up temp folders from previous zip deployments and extracting pushed zip file /tmp/zipdeploy/414a305c-fce8-401d-87c8-ce43b6e1d858.zip (0.62 MB) to /tmp/zipdeploy/extracted" date="2025-11-12T22:11:14.817" >
        <step title="ChmodRecursive Process exited with total time taken in ms: 11" date="2025-11-12T22:11:14.859" /><!-- duration: 13ms -->
      </step><!-- duration: 59ms -->
      <step title="None repository commit" date="2025-11-12T22:11:14.879" >
        <step title="Commit id: c38f796e-f12a-473c-a4f4-46e40f0584a0" date="2025-11-12T22:11:14.881" Message="OneDeploy" AuthorName="N/A" AuthorEmail="N/A" /><!-- duration: 6ms -->
      </step><!-- duration: 11ms -->
      <step title="Deployment timer started" date="2025-11-12T22:11:16.894" >
        <step title="DeploymentManager.Deploy(id:c38f796e-f12a-473c-a4f4-46e40f0584a0)" date="2025-11-12T22:11:16.898" >
          <step title="Collecting changeset information" date="2025-11-12T22:11:16.905" /><!-- duration: 60ms -->
          <step title="Updating submodules" date="2025-11-12T22:11:16.969" /><!-- duration: 1128ms -->
          <step title="Determining deployment builder" date="2025-11-12T22:11:18.330" >
            <step title="Builder is OryxBuilder" date="2025-11-12T22:11:18.337" /><!-- duration: 2ms -->
          </step><!-- duration: 12ms -->
          <step title="PreDeployment: context.CleanOutputPath False" date="2025-11-12T22:11:18.394" >
            <step title="PreDeployment: context.OutputPath /home/site/wwwroot" date="2025-11-12T22:11:18.511" >
              <step title="Building" date="2025-11-12T22:11:18.678" >
                <step title="Executing external process" date="2025-11-12T22:11:18.957" type="process" path="bash" arguments="-c &quot;oryx build /tmp/zipdeploy/extracted -o /home/site/wwwroot --platform python --platform-version 3.13 -p virtualenv_name=antenv --log-file /tmp/build-debug.log  -i /tmp/8de2238678493d0 --compress-destination-dir | tee /tmp/oryx-build.log ; exit $PIPESTATUS &quot;" /><!-- duration: 28208ms -->
                <step title="Using PythonDeploymentLogParser" date="2025-11-12T22:11:47.481" /><!-- duration: 3ms -->
                <step title="Modified file to trigger a restart of the app container." date="2025-11-12T22:11:48.519" /><!-- duration: 3ms -->
                <step title="Skip function trigger and logicapp sync because function is not enabled." date="2025-11-12T22:11:48.526" /><!-- duration: 3ms -->
                <step title="Purge deployment items" date="2025-11-12T22:11:49.539" >
                  <step title="Remove 9f8fd537-, Success, received at 06/04/2025 17:38:40" date="2025-11-12T22:11:49.586" /><!-- duration: 3ms -->
                </step><!-- duration: 53ms -->
              </step><!-- duration: 30966ms -->
            </step><!-- duration: 31138ms -->
            <step title="Cleaning up temp files" date="2025-11-12T22:11:49.651" /><!-- duration: 197ms -->
            <step title="Cleaning up temp files" date="2025-11-12T22:11:49.851" /><!-- duration: 504ms -->
            <step title="Reloading status file with latest updates" date="2025-11-12T22:11:50.385" >
              <step title="WebHooksManager.PublishEventAsync: PostDeployment" date="2025-11-12T22:11:50.388" /><!-- duration: 28ms -->
            </step><!-- duration: 34ms -->
            <step title="Cleaning up temporary deployment - fetch deployment was successful" date="2025-11-12T22:11:50.422" /><!-- duration: 2ms -->
          </step><!-- duration: 32097ms -->
        </step><!-- duration: 33602ms -->
        <step title="Outgoing response" date="2025-11-12T22:11:50.510" type="response" statusCode="200" statusText="OK" /><!-- duration: 8ms -->
      </step><!-- duration: 33628ms -->
