<step title="Incoming Request" date="2025-06-04T17:51:00.888" instance="65a20e" url="/api/deployments/latest" method="GET" type="request" pid="821,1,55" Accept="*/*" Host="nlw.scm.azurewebsites.net" User-Agent="AZURECLI/2.73.0 (HOMEBREW)" Accept-Encoding="gzip, deflate" Authorization="Bea..." x-ms-client-request-id="73a38f14-416c-11f0-8250-22de8617e481" X-ARR-LOG-ID="73a38f14-416c-11f0-8250-22de8617e481" CLIENT-IP="40.78.13.173:1291" X-SITE-DEPLOYMENT-ID="nlw" WAS-DEFAULT-HOSTNAME="nlw.scm.azurewebsites.net" X-Forwarded-Proto="https" X-AppService-Proto="https" X-Forwarded-TlsVersion="1.3" X-WAWS-Unencoded-URL="/api/deployments/latest" X-Client-IP="40.78.13.173" X-Client-Port="1291" >
  <step title="Cleanup Xml Logs" date="2025-06-04T17:51:00.891" /><!-- duration: 4ms -->
  <step title="DeploymentService.GetResult" date="2025-06-04T17:51:00.901" >
    <step title="DeploymentService.GetLatestDeployment" date="2025-06-04T17:51:00.903" >
      <step title="DeploymentManager.GetResults" date="2025-06-04T17:51:00.906" /><!-- duration: 524ms -->
      <step title="Deployment c6c5ec53-a5e3-46c8-8863-753136982c20 is Pending" date="2025-06-04T17:51:01.432" /><!-- duration: 2ms -->
    </step><!-- duration: 534ms -->
  </step><!-- duration: 537ms -->
  <step title="Outgoing response" date="2025-06-04T17:51:01.441" type="response" statusCode="202" statusText="Accepted" /><!-- duration: 4ms -->
</step><!-- duration: 559ms -->
