﻿<?xml version="1.0" encoding="utf-8"?>
<deployment>
  <id>088c28ef-532d-450d-a31f-66043519f165</id>
  <author>N/A</author>
  <deployer>Push-Deployer</deployer>
  <authorEmail>N/A</authorEmail>
  <message>Created via a push deployment</message>
  <progress></progress>
  <status>Success</status>
  <statusText></statusText>
  <lastSuccessEndTime>2025-06-04T19:00:47.6123746Z</lastSuccessEndTime>
  <receivedTime>2025-06-04T19:00:44.7282139Z</receivedTime>
  <startTime>2025-06-04T19:00:46.1694907Z</startTime>
  <endTime>2025-06-04T19:00:47.6123746Z</endTime>
  <complete>True</complete>
  <is_temp>False</is_temp>
  <is_readonly>True</is_readonly>
  <buildSummary />
</deployment>