<step title="Incoming Request" date="2025-06-04T17:38:41.018" instance="65a20e" url="/api/deployments/latest" method="GET" type="request" pid="821,1,7" Accept="*/*" Host="nlw.scm.azurewebsites.net" User-Agent="AZURECLI/2.73.0 (HOMEBREW)" Accept-Encoding="gzip, deflate" Authorization="Bea..." x-ms-client-request-id="8a865b64-416a-11f0-9e86-22de8617e481" X-ARR-LOG-ID="8a865b64-416a-11f0-9e86-22de8617e481" CLIENT-IP="40.78.13.173:1289" X-SITE-DEPLOYMENT-ID="nlw" WAS-DEFAULT-HOSTNAME="nlw.scm.azurewebsites.net" X-Forwarded-Proto="https" X-AppService-Proto="https" X-Forwarded-TlsVersion="1.3" X-WAWS-Unencoded-URL="/api/deployments/latest" X-Client-IP="40.78.13.173" X-Client-Port="1289" >
  <step title="Cleanup Xml Logs" date="2025-06-04T17:38:41.021" /><!-- duration: 4ms -->
  <step title="DeploymentService.GetResult" date="2025-06-04T17:38:41.050" >
    <step title="DeploymentService.GetLatestDeployment" date="2025-06-04T17:38:41.052" >
      <step title="DeploymentManager.GetResults" date="2025-06-04T17:38:41.055" /><!-- duration: 309ms -->
      <step title="Deployment 9f8fd537-88ed-4048-afcc-1f85bb84e08f is Pending" date="2025-06-04T17:38:41.374" /><!-- duration: 2ms -->
    </step><!-- duration: 326ms -->
  </step><!-- duration: 332ms -->
  <step title="Outgoing response" date="2025-06-04T17:38:41.403" type="response" statusCode="202" statusText="Accepted" /><!-- duration: 2ms -->
</step><!-- duration: 389ms -->
