<step title="BackgroundTrace" date="2025-05-28T02:12:51.801" instance="72814a" url="/api/zipdeploy" method="POST" >
  <step title="Creating temporary deployment - FetchDeploymentManager" date="2025-05-28T02:12:51.833" /><!-- duration: 2ms -->
  <step title="Creating temporary deployment" date="2025-05-28T02:12:51.838" /><!-- duration: 51ms -->
  <step title="Performing fetch based deployment" date="2025-05-28T02:12:51.917" >
    <step title="Cleaning up temp folders from previous zip deployments and extracting pushed zip file /tmp/zipdeploy/d399f2ed-1401-41c3-9823-3ffcc4168ea7.zip (2.55 MB) to /tmp/zipdeploy/extracted" date="2025-05-28T02:12:53.015" >
      <step title="ChmodRecursive Process exited with total time taken in ms: 9" date="2025-05-28T02:12:53.103" /><!-- duration: 2ms -->
    </step><!-- duration: 92ms -->
    <step title="Deployment timer started" date="2025-05-28T02:12:55.112" >
      <step title="DeploymentManager.Deploy(id:b0128b22-932c-4ea5-bcfa-d8341a073de2)" date="2025-05-28T02:12:55.129" >
        <step title="Collecting changeset information" date="2025-05-28T02:12:55.171" /><!-- duration: 61ms -->
        <step title="Updating submodules" date="2025-05-28T02:12:55.237" /><!-- duration: 1061ms -->
        <step title="Determining deployment builder" date="2025-05-28T02:12:56.437" >
          <step title="Builder is BasicBuilder" date="2025-05-28T02:12:56.443" /><!-- duration: 2ms -->
        </step><!-- duration: 10ms -->
        <step title="PreDeployment: context.CleanOutputPath False" date="2025-05-28T02:12:56.478" >
          <step title="PreDeployment: context.OutputPath /home/site/wwwroot" date="2025-05-28T02:12:56.538" >
            <step title="Building" date="2025-05-28T02:12:56.616" >
              <step title="Executing external process" date="2025-05-28T02:12:56.790" type="process" path="starter.sh" arguments="/opt/Kudu/Scripts/parallel_rsync.sh /tmp/zipdeploy/extracted /home/site/wwwroot 8 /tmp/ False True  " /><!-- duration: 1013ms -->
              <step title="Triggering recycle (preview mode disabled)." date="2025-05-28T02:12:57.953" /><!-- duration: 2ms -->
              <step title="Modified file to trigger a restart of the app container." date="2025-05-28T02:12:57.976" /><!-- duration: 2ms -->
              <step title="Skip function trigger and logicapp sync because function is not enabled." date="2025-05-28T02:12:57.983" /><!-- duration: 3ms -->
            </step><!-- duration: 1849ms -->
          </step><!-- duration: 1939ms -->
          <step title="Cleaning up temp files" date="2025-05-28T02:12:58.480" /><!-- duration: 3ms -->
          <step title="Cleaning up temp files" date="2025-05-28T02:12:58.486" /><!-- duration: 504ms -->
          <step title="Reloading status file with latest updates" date="2025-05-28T02:12:59.020" >
            <step title="WebHooksManager.PublishEventAsync: PostDeployment" date="2025-05-28T02:12:59.021" /><!-- duration: 15ms -->
          </step><!-- duration: 20ms -->
          <step title="Cleaning up temporary deployment - fetch deployment was successful" date="2025-05-28T02:12:59.045" /><!-- duration: 2ms -->
        </step><!-- duration: 2697ms -->
      </step><!-- duration: 4056ms -->
